filename,file_size_bytes,page_count,load_error,pages_with_native_text,pages_without_native_text,total_characters,total_words,text_coverage,document_class,doc_class_confidence,payable_status,payable_confidence,scripts_detected,language_hints,currency_candidates,invoice_number_candidates,date_candidates,po_number_candidates,has_line_items,has_quantity,has_unit_price,has_subtotal,has_discount,has_charges,has_tax,has_withholding,has_total,is_multi_page,requires_segmentation,multi_currency_pages
DU-02.pdf,2925903,20,,0,20,0,0,0.0,unknown,0.1,likely_non_payable,0.5,,,,,,,False,False,False,False,False,False,False,False,False,True,False,False
DU-03.pdf,1964123,12,,0,12,0,0,0.0,unknown,0.1,likely_non_payable,0.5,,,,,,,False,False,False,False,False,False,False,False,False,True,False,False
DU-05.pdf,111731,1,,0,1,0,0,0.0,unknown,0.1,likely_non_payable,0.5,,,,,,,False,False,False,False,False,False,False,False,False,False,False,False
DU-05s.pdf,1369438,15,,0,15,0,0,0.0,unknown,0.1,likely_non_payable,0.5,,,,,,,False,False,False,False,False,False,False,False,False,True,False,False
DU-06.pdf,329348,2,,0,2,0,0,0.0,unknown,0.1,likely_non_payable,0.5,,,,,,,False,False,False,False,False,False,False,False,False,True,False,False
DU-08.pdf,158134,1,,0,1,0,0,0.0,unknown,0.1,likely_non_payable,0.5,,,,,,,False,False,False,False,False,False,False,False,False,False,False,False
DU-09.pdf,291154,2,,0,2,0,0,0.0,unknown,0.1,likely_non_payable,0.5,,,,,,,False,False,False,False,False,False,False,False,False,True,False,False
DU-10.pdf,118667,1,,0,1,0,0,0.0,unknown,0.1,likely_non_payable,0.5,,,,,,,False,False,False,False,False,False,False,False,False,False,False,False
DU-11.pdf,87449,1,,0,1,0,0,0.0,unknown,0.1,likely_non_payable,0.5,,,,,,,False,False,False,False,False,False,False,False,False,False,False,False
HLD-01.pdf,134943,1,,0,1,0,0,0.0,unknown,0.1,likely_non_payable,0.5,,,,,,,False,False,False,False,False,False,False,False,False,False,False,False
HLD-03.pdf,120168,1,,0,1,0,0,0.0,unknown,0.1,likely_non_payable,0.5,,,,,,,False,False,False,False,False,False,False,False,False,False,False,False
HLD-05.pdf,227052,2,,0,2,0,0,0.0,unknown,0.1,likely_non_payable,0.5,,,,,,,False,False,False,False,False,False,False,False,False,True,False,False
HLD-08.pdf,122461,1,,0,1,0,0,0.0,unknown,0.1,likely_non_payable,0.5,,,,,,,False,False,False,False,False,False,False,False,False,False,False,False
HLD-10.pdf,225189,2,,0,2,0,0,0.0,unknown,0.1,likely_non_payable,0.5,,,,,,,False,False,False,False,False,False,False,False,False,True,False,False
INV-01.pdf,105815,1,,0,1,0,0,0.0,unknown,0.1,likely_non_payable,0.5,,,,,,,False,False,False,False,False,False,False,False,False,False,False,False
INV-02.pdf,167705,2,,0,2,0,0,0.0,unknown,0.1,likely_non_payable,0.5,,,,,,,False,False,False,False,False,False,False,False,False,True,False,False
INV-03.pdf,210441,2,,0,2,0,0,0.0,unknown,0.1,likely_non_payable,0.5,,,,,,,False,False,False,False,False,False,False,False,False,True,False,False
INV-04.pdf,109285,1,,0,1,0,0,0.0,unknown,0.1,likely_non_payable,0.5,,,,,,,False,False,False,False,False,False,False,False,False,False,False,False
INV-06.pdf,314387,2,,0,2,0,0,0.0,unknown,0.1,likely_non_payable,0.5,,,,,,,False,False,False,False,False,False,False,False,False,True,False,False
INV-07.pdf,109315,1,,0,1,0,0,0.0,unknown,0.1,likely_non_payable,0.5,,,,,,,False,False,False,False,False,False,False,False,False,False,False,False
INV-09.pdf,330388,2,,0,2,0,0,0.0,unknown,0.1,likely_non_payable,0.5,,,,,,,False,False,False,False,False,False,False,False,False,True,False,False
INV-10.pdf,104030,1,,0,1,0,0,0.0,unknown,0.1,likely_non_payable,0.5,,,,,,,False,False,False,False,False,False,False,False,False,False,False,False
INV-11.pdf,208834,1,,0,1,0,0,0.0,unknown,0.1,likely_non_payable,0.5,,,,,,,False,False,False,False,False,False,False,False,False,False,False,False
INV-13.pdf,180313,1,,0,1,0,0,0.0,unknown,0.1,likely_non_payable,0.5,,,,,,,False,False,False,False,False,False,False,False,False,False,False,False
INV-14.pdf,105537,1,,0,1,0,0,0.0,unknown,0.1,likely_non_payable,0.5,,,,,,,False,False,False,False,False,False,False,False,False,False,False,False
INV-15.pdf,105499,1,,0,1,0,0,0.0,unknown,0.1,likely_non_payable,0.5,,,,,,,False,False,False,False,False,False,False,False,False,False,False,False
INV-16.pdf,200971,2,,0,2,0,0,0.0,unknown,0.1,likely_non_payable,0.5,,,,,,,False,False,False,False,False,False,False,False,False,True,False,False
INV-19.pdf,135609,2,,0,2,0,0,0.0,unknown,0.1,likely_non_payable,0.5,,,,,,,False,False,False,False,False,False,False,False,False,True,False,False
INV-20.pdf,217276,2,,0,2,0,0,0.0,unknown,0.1,likely_non_payable,0.5,,,,,,,False,False,False,False,False,False,False,False,False,True,False,False
INV-21.pdf,200958,1,,0,1,0,0,0.0,unknown,0.1,likely_non_payable,0.5,,,,,,,False,False,False,False,False,False,False,False,False,False,False,False
INV-23.pdf,544863,6,,0,6,0,0,0.0,unknown,0.1,likely_non_payable,0.5,,,,,,,False,False,False,False,False,False,False,False,False,True,False,False
INV-25.pdf,317594,2,,0,2,0,0,0.0,unknown,0.1,likely_non_payable,0.5,,,,,,,False,False,False,False,False,False,False,False,False,True,False,False
INV-26.pdf,171124,2,,0,2,0,0,0.0,unknown,0.1,likely_non_payable,0.5,,,,,,,False,False,False,False,False,False,False,False,False,True,False,False
INV-27.pdf,232484,2,,0,2,0,0,0.0,unknown,0.1,likely_non_payable,0.5,,,,,,,False,False,False,False,False,False,False,False,False,True,False,False
INV-28.pdf,249682,3,,0,3,0,0,0.0,unknown,0.1,likely_non_payable,0.5,,,,,,,False,False,False,False,False,False,False,False,False,True,False,False
INV-31.pdf,1245094,3,,3,0,5674,808,1.0,invoice,0.5,likely_payable,0.825,latin,Portuguese,USD,Date|For|Number|OICE,04/17-05|04/17/2018|04/20/2018|04/27/18|05/16/18|05/16/2018|05/21/2018|05/23/2018|06/18/2018|06/19/2018|6/1/2018,16299|Box|rtion|wer,True,False,False,False,False,True,True,False,True,True,False,False
INV-32.pdf,276497,1,,1,0,660,129,1.0,invoice,0.5,likely_payable,0.825,latin,Portuguese,USD,4613|oice,06/05/2018|06/19/2018|5/31/18,,True,True,False,True,False,False,True,False,True,False,False,False
INV-33.pdf,93674,1,,0,1,0,0,0.0,unknown,0.1,likely_non_payable,0.5,,,,,,,False,False,False,False,False,False,False,False,False,False,False,False
INV-34.pdf,78541,3,,3,0,1348,243,1.0,invoice,0.5,likely_payable,0.825,latin,Portuguese,USD,Number|Page,19/07/2015|20/06/2015|27/06/2015,rtion,True,True,False,True,False,True,True,False,True,True,False,False
INV-35.pdf,68106,1,,0,1,18,3,0.0,unknown,0.1,likely_non_payable,0.5,,,,,,1000020040,False,False,False,False,False,False,False,False,False,False,False,False
INV-36.pdf,11241,1,,1,0,1216,195,1.0,invoice,0.5,likely_payable,0.825,latin,Portuguese,USD,DATE|FOR|Federal|NUMBER,,1000021496|Box,True,True,False,True,False,False,True,False,True,False,False,False
INV-37.pdf,267251,1,,1,0,2038,413,1.0,invoice,0.5,likely_payable,0.625,latin,Portuguese,USD,Date|oice,01/01/14|07/23/03|6/12/2018,,True,False,False,True,False,False,True,False,True,False,False,False
